"Trait","term","DF","Sum_Sq","F","p","Variance_Explained","Partial_Eta2"
"N","Intensity",1,24.2645703139428,0.520879355913287,0.473366434428914,0.755413268620658,0.00890074383102472
"N","Frequency",1,37.1739505119849,0.798000671304232,0.375383511488467,1.15731270327358,0.0135719014625218
"N","TB_pot_c",1,330.87182297538,7.10271394924473,0.00995242357629738,10.3008197571372,0.109100120692083
"N","Intensity:Frequency",1,23.6032325244228,0.506682640398058,0.479431870001038,0.734824264373727,0.0086602524281252
"N","Intensity:TB_pot_c",1,41.0003798024945,0.880141339715043,0.352053417873386,1.27643846647858,0.0149480167623406
"N","Frequency:TB_pot_c",1,12.752070083925,0.273744392170801,0.6028242465123,0.397002000000064,0.00469755968191362
"N","Intensity:Frequency:TB_pot_c",1,40.5623210310705,0.870737679655981,0.354619632475163,1.26280066436266,0.0147906704412994
"N","Residuals",58,2701.86380441418,NA,NA,84.1153888757535,NA
"H","Intensity",1,9.18041012749632,2.46565682730136,0.121798997502476,3.7470030154633,0.0407778060584644
"H","Frequency",1,2.22125086719851,0.596579269313179,0.443022245852943,0.906608047124702,0.0101811279216704
"H","TB_pot_c",1,3.21362440553568,0.863109038250809,0.356720595026937,1.31164731976877,0.0146629876055296
"H","Intensity:Frequency",1,2.51134362404829,0.674491821861899,0.41485300586421,1.02500999426915,0.0114954863846062
"H","Intensity:TB_pot_c",1,5.69993835863781,1.53087843941511,0.220966631229873,2.32644140307002,0.0257157038422185
"H","Frequency:TB_pot_c",1,4.16910597993709,1.11973043474238,0.294363802465282,1.70162906249927,0.0189400463518413
"H","Intensity:Frequency:TB_pot_c",1,2.05896458850134,0.552992733909,0.460099362164176,0.840370573286217,0.00944431203409272
"H","Residuals",58,215.952107162278,NA,NA,88.1412905845186,NA
"SB","Intensity",1,0.00055450566285313,0.890372518544505,0.349290522418581,1.37673228904856,0.0151191524262158
"SB","Frequency",1,0.000732019083540661,1.17540670672532,0.282779306235212,1.8174644120399,0.0198630946898373
"SB","TB_pot_c",1,0.000537823007181866,0.863585094824418,0.356588980521387,1.33531242218636,0.0146709564739092
"SB","Intensity:Frequency",1,0.000547942511543331,0.879834033633049,0.352136872306368,1.36043723034777,0.0149428755714643
"SB","Intensity:TB_pot_c",1,0.000742715456667264,1.19258192659778,0.279324911613849,1.84402147582774,0.020147489563416
"SB","Frequency:TB_pot_c",1,0.000560775183786541,0.900439519690762,0.346601122132138,1.39229831926993,0.0152874838801456
"SB","Intensity:Frequency:TB_pot_c",1,0.00047995569961478,0.77066726939629,0.383632839661193,1.19163888349247,0.0131131277762027
"SB","Residuals",58,0.036121205198534,NA,NA,89.6820949677873,NA
"RB","Intensity",1,0.000615885035522012,0.368168420152208,0.546372245013148,0.603589684788384,0.0063076918484407
"RB","Frequency",1,0.00113153506930254,0.676417601961763,0.41419154054447,1.10894543042183,0.0115279294409267
"RB","TB_pot_c",1,0.000178419212478326,0.106656787865076,0.745158524840454,0.174857302919703,0.00183553475214479
"RB","Intensity:Frequency",1,0.000776876591418868,0.464407171499938,0.498283585336878,0.761367251822485,0.00794341709713472
"RB","Intensity:TB_pot_c",1,0.000634403121759525,0.379238301966317,0.540420419304675,0.621738081307728,0.00649611596514345
"RB","Frequency:TB_pot_c",1,0.000183986186228904,0.109984655588055,0.741357002808677,0.180313139216308,0.00189269806626044
"RB","Intensity:Frequency:TB_pot_c",1,0.00149150011578379,0.891600233182362,0.348960999579595,1.46172423881795,0.0151396842614576
"RB","Residuals",58,0.0970244325830793,NA,NA,95.0874648707056,NA
"TB","Intensity",1,0.00261153492015759,0.751662011167295,0.389523260298143,1.19819362884715,0.0127938850653182
"TB","Frequency",1,0.00389490894000416,1.12104765077403,0.294082685681705,1.78701614932691,0.0189619043525077
"TB","TB_pot_c",1,0.000340274924473472,0.0979392356982517,0.755439354305088,0.156120924676724,0.00168576092347993
"TB","Intensity:Frequency",1,0.00238376640793134,0.686104803159433,0.410888024028708,1.09369156835583,0.0116910946034111
"TB","Intensity:TB_pot_c",1,0.00333662687081743,0.960360761357204,0.331166143196191,1.53087175959048,0.0162882443213717
"TB","Frequency:TB_pot_c",1,0.000815368280126766,0.234682430072626,0.629897832702099,0.374097650722968,0.00402994264379185
"TB","Intensity:Frequency:TB_pot_c",1,0.00306137428901576,0.881136506066164,0.351783350808179,1.40458361873783,0.0149646653979817
"TB","Residuals",58,0.201512146574916,NA,NA,92.4554246997421,NA
"R_S","Intensity",1,0.00232580671485749,0.0134027507053456,0.908234532776541,0.0227974725980298,0.000231028522200978
"R_S","Frequency",1,0.00332151136013259,0.0191406226667284,0.890443320263469,0.0325573332181677,0.000329901864476266
"R_S","TB_pot_c",1,0.0864837459382315,0.498373351263449,0.483041821494577,0.847710523667744,0.00851943947690445
"R_S","Intensity:Frequency",1,0.00508664485106181,0.0293124241278959,0.864655569295995,0.0498591073227235,0.000505131336274599
"R_S","Intensity:TB_pot_c",1,0.000312538384042327,0.00180104134209086,0.966294758574735,0.00306348984226491,3.1051472708703e-05
"R_S","Frequency:TB_pot_c",1,0.0085041323254913,0.0490061211001424,0.825579350804681,0.0833571949130287,0.000844219813133533
"R_S","Intensity:Frequency:TB_pot_c",1,0.0311446626464296,0.179474995314802,0.6733917976456,0.30527884743009,0.00308485071976424
"R_S","Residuals",58,10.0648585075847,NA,NA,98.655376031008,NA
"SLA","Intensity",1,7.19887726966937,1.1966956213593,0.278505601937516,1.93002593905887,0.020215581440791
"SLA","Frequency",1,2.5656734760957,0.42650125841393,0.516291247137952,0.687859533441867,0.00729979117742414
"SLA","TB_pot_c",1,1.33668371166561,0.222201808000265,0.639135708784042,0.358366192281343,0.00381644460532463
"SLA","Intensity:Frequency",1,3.1244313641584,0.519385619821486,0.473998663825511,0.837663062133542,0.00887544553518964
"SLA","Intensity:TB_pot_c",1,3.18970661945326,0.530236563554558,0.46943716233824,0.855163421033752,0.00905919050880317
"SLA","Frequency:TB_pot_c",1,2.9810545135457,0.495551563078304,0.484278037752413,0.799223590202416,0.00847161108556997
"SLA","Intensity:Frequency:TB_pot_c",1,3.69088160746293,0.613548709493325,0.436641661042009,0.989528918684554,0.0104676942959769
"SLA","Residuals",58,348.906500691089,NA,NA,93.5421693431636,NA
"LDMC","Intensity",1,2086.26711663491,2.31727908753018,0.133377505927083,3.32815196151445,0.0384181634613761
"LDMC","Frequency",1,1475.92592190563,1.63935492550551,0.205510950191968,2.35449512331065,0.0274878044464633
"LDMC","TB_pot_c",1,1116.61455189415,1.24025707413237,0.270015561610133,1.78129774538953,0.0209360515194985
"LDMC","Intensity:Frequency",1,1100.81933427412,1.22271285499474,0.273394557153409,1.75610016446354,0.0206460122485189
"LDMC","Intensity:TB_pot_c",1,2052.56887760716,2.27984944874473,0.136493602636835,3.27439429097192,0.0378210873051908
"LDMC","Frequency:TB_pot_c",1,1096.51282499352,1.21792948674021,0.274325180332514,1.74923013464079,0.020566904268629
"LDMC","Intensity:Frequency:TB_pot_c",1,1538.82440031704,1.70921814076594,0.196245931993499,2.45483495641833,0.0286256995818705
"LDMC","Residuals",58,52217.9194625166,NA,NA,83.3014956232908,NA
"LCC","Intensity",1,0.667607670907323,2.28558759686861,0.136010519936825,3.70234294437782,0.0379126701418654
"LCC","Frequency",1,0.0168120400673075,0.0575568435330792,0.811245851668222,0.0932343060696105,0.000991375570422239
"LCC","TB_pot_c",1,0.00246159425452674,0.008427388632343,0.927172638510157,0.013651230381733,0.000145278695039998
"LCC","Intensity:Frequency",1,0.029648572462488,0.101503341615333,0.751177439203216,0.164421692336434,0.00174700026294554
"LCC","Intensity:TB_pot_c",1,0.0803331964994598,0.275024637279015,0.601979579208052,0.445502734944428,0.00471942549987493
"LCC","Frequency:TB_pot_c",1,0.235481284697435,0.8061817247661,0.372963724728366,1.3059054155979,0.0137091322905357
"LCC","Intensity:Frequency:TB_pot_c",1,0.0582041604999084,0.199264797457979,0.656977155421952,0.322782035544023,0.00342383702184984
"LCC","Residuals",58,16.9414836542144,NA,NA,93.952159640748,NA
"LNC","Intensity",1,0.0341995768770462,0.534638799650105,0.46760693826517,0.878441935774248,0.0091337165584987
"LNC","Frequency",1,0.00133004379640589,0.0207924507764825,0.885845666873734,0.0341631784328739,0.000358362061223523
"LNC","TB_pot_c",1,0.00950202849965143,0.14854432642716,0.701340278898745,0.244066771323657,0.00255456655274603
"LNC","Intensity:Frequency",1,0.00826297440235546,0.129174309141231,0.720594935282486,0.212240731964433,0.0022221941164046
"LNC","Intensity:TB_pot_c",1,0.0144665364148056,0.226154016224021,0.636176585404825,0.371583902861082,0.00388406241224529
"LNC","Frequency:TB_pot_c",1,0.0622771261556605,0.973572512116886,0.327889234121751,1.59963497359387,0.0165086236197892
"LNC","Intensity:Frequency:TB_pot_c",1,0.0530477656678112,0.829290779319377,0.366246902917647,1.36257188588222,0.0140965625852981
"LNC","Residuals",58,3.71012253537685,NA,NA,95.2972966201676,NA
"Leaf_CN","Intensity",1,11.6752004908415,0.492938459714143,0.485427546718049,0.837578348142521,0.00842731571869388
"Leaf_CN","Frequency",1,0.710504240051705,0.0299981885524103,0.863097379239365,0.050971541619143,0.000516942779404188
"Leaf_CN","TB_pot_c",1,0.19474139673207,0.00822217350554198,0.928062312134044,0.0139707388766271,0.000141741518658321
"Leaf_CN","Intensity:Frequency",1,0.0920096189192918,0.00388473670019967,0.950516200800808,0.00660076584450063,6.69737331875932e-05
"Leaf_CN","Intensity:TB_pot_c",1,0.00840278883106294,0.000354774017537136,0.985037024088583,0.000602815685643517,6.11675599087998e-06
"Leaf_CN","Frequency:TB_pot_c",1,4.40608672038252,0.186029319412207,0.667841071420166,0.316092459390795,0.00319714752128898
"Leaf_CN","Intensity:Frequency:TB_pot_c",1,3.11196470350546,0.131390213712741,0.718312465806814,0.223252205209204,0.00226022830745492
"Leaf_CN","Residuals",58,1373.72447842981,NA,NA,98.5509311252316,NA
"Chl","Intensity",1,368.744412229935,0.251523257232662,0.617902928848387,0.415351514172759,0.00431788291821934
"Chl","Frequency",1,301.818144633304,0.205872361213571,0.651715256542268,0.339966164151894,0.00353696891502579
"Chl","TB_pot_c",1,1186.76777326108,0.809502967392074,0.371987697419195,1.33676816582661,0.0137648326638795
"Chl","Intensity:Frequency",1,143.524676637055,0.0978992303712687,0.755487672507591,0.16166534267422,0.00168507349952666
"Chl","Intensity:TB_pot_c",1,815.97018033221,0.556579220606339,0.458654985055146,0.919103961118382,0.00950498181441712
"Chl","Frequency:TB_pot_c",1,518.873519513392,0.353927417992718,0.554212288351808,0.584456048271314,0.00606518590355564
"Chl","Intensity:Frequency:TB_pot_c",1,412.569185323009,0.281416455096169,0.59779966695929,0.464715478096735,0.00482857954066698
"Chl","Residuals",58,85030.6096726191,NA,NA,95.7779733256881,NA
"PSIIeff","Intensity",1,0.00121686150547989,0.220021293251865,0.640782142794664,0.359932695845825,0.00377913453764688
"PSIIeff","Frequency",1,0.00260910361075478,0.471753234103651,0.494918798574439,0.771740820242064,0.00806805351320475
"PSIIeff","TB_pot_c",1,0.00376712515002425,0.681135645771858,0.412577655484705,1.11426937636762,0.0116074039514765
"PSIIeff","Intensity:Frequency",1,0.00218683080017418,0.395401891349651,0.531942273817273,0.646837706444631,0.00677111345316768
"PSIIeff","Intensity:TB_pot_c",1,0.00323619502419586,0.585137923446778,0.447406807058138,0.957226762533092,0.00998782189795948
"PSIIeff","Frequency:TB_pot_c",1,0.00161434956337114,0.291891293375597,0.591079726482393,0.477504784040773,0.00500740818146637
"PSIIeff","Intensity:Frequency:TB_pot_c",1,0.00267193027438489,0.483112952297009,0.489790997106092,0.790324176120732,0.008260725667785
"PSIIeff","Residuals",58,0.320777895060552,NA,NA,94.8821636784053,NA
"Psi_osm","Intensity",1,0.00196192243899063,0.0917230586622753,0.763081548793572,0.156795176767298,0.00157893506738734
"Psi_osm","Frequency",1,0.000117503782381956,0.00549349256130857,0.941171450582057,0.00939080259405347,9.47064188327793e-05
"Psi_osm","TB_pot_c",1,0.000336814451156187,0.0157466223168308,0.900573122070548,0.0269179251724064,0.000271419799513079
"Psi_osm","Intensity:Frequency",1,0.00336475044431617,0.157307545015241,0.693103160689822,0.268908000749421,0.00270486292532509
"Psi_osm","Intensity:TB_pot_c",1,0.000681217070102935,0.031848003795166,0.858983553741556,0.0544422902765938,0.000548802164512893
"Psi_osm","Frequency:TB_pot_c",1,0.00416317545414446,0.194635210247301,0.660726714973811,0.332717450125956,0.00334455589495693
"Psi_osm","Intensity:Frequency:TB_pot_c",1,4.05150983051605e-05,0.00189414661084359,0.965435081008247,0.00323793228226208,3.26566336964061e-05
"Psi_osm","Residuals",58,1.24059863594865,NA,NA,99.147590422032,NA
"SS","Intensity",1,3.07016688275468,0.357267973371686,0.552354182857239,0.550980909330284,0.00612208188934935
"SS","Frequency",1,6.51270534349186,0.757867936204368,0.387585522662696,1.16878868458698,0.0128981524147066
"SS","TB_pot_c",1,9.87562699247218,1.14920308117244,0.288156439113486,1.77230819962363,0.0194288852817737
"SS","Intensity:Frequency",1,7.4633299716603,0.868489849381356,0.355236901507233,1.3393904929128,0.0147530512775755
"SS","Intensity:TB_pot_c",1,21.18794695379,2.46559068518628,0.121803897285325,3.80244941896009,0.0407767567842571
"SS","Frequency:TB_pot_c",1,6.14430980610251,0.714998629072707,0.40126431613633,1.10267537025083,0.0121774443628902
"SS","Intensity:Frequency:TB_pot_c",1,4.54379906915375,0.528751024565861,0.470057405700758,0.815443146429274,0.00903403908865119
"SS","Residuals",58,498.420492380702,NA,NA,89.4479637779061,NA
"SD","Intensity",1,219.763593016236,3.21275600702982,0.0782820938127401,3.20360632541594,0.0524850736447949
"SD","Frequency",1,433.495490122174,6.33733377214789,0.0146070507898037,6.31928553376029,0.0985016537146487
"SD","TB_pot_c",1,334.553068778729,4.89088008908608,0.030953445775437,4.87695123936052,0.0777677157985079
"SD","Intensity:Frequency",1,557.753531420055,8.15388019424809,0.00595262811220388,8.13065857158772,0.12325626509444
"SD","Intensity:TB_pot_c",1,332.149570275029,4.85574299403922,0.0315385979538292,4.84191421205358,0.0772521771717774
"SD","Frequency:TB_pot_c",1,549.118855976433,8.02764861503378,0.00632696531528612,8.00478649018677,0.12158010747646
"SD","Intensity:Frequency:TB_pot_c",1,465.647179578268,6.80736400790487,0.0115290769616621,6.78797715961454,0.105039976738979
"SD","Residuals",58,3967.40006618976,NA,NA,57.8348204680206,NA
"RD","Intensity",1,8.2013361913269e-05,0.211592463251479,0.647241890463546,0.359923578326953,0.0036348853260638
"RD","Frequency",1,5.08903166990295e-05,0.131295769552563,0.718409300316762,0.22333708143652,0.00225860730978806
"RD","TB_pot_c",1,5.77317271529751e-06,0.0148946440812639,0.903286354621286,0.0253361273518678,0.000256738276827733
"RD","Intensity:Frequency",1,3.0712857751896e-05,0.079238420101451,0.779334027767203,0.134786349502405,0.00136431575648944
"RD","Intensity:TB_pot_c",1,8.26555893013864e-06,0.0213249394169187,0.884403582115831,0.0362742055392619,0.000367536236705818
"RD","Frequency:TB_pot_c",1,0.000127345350140591,0.328547881604524,0.568731176966448,0.558867397173297,0.00563271148583044
"RD","Intensity:Frequency:TB_pot_c",1,4.92180072586557e-07,0.0012698125219158,0.971696215442433,0.00215997989564078,2.18928400364376e-05
"RD","Residuals",58,0.0224808337587911,NA,NA,98.659315280774,NA
"RDMC","Intensity",1,861.53276132825,1.4889251076754,0.227321444001764,2.48797746370218,0.025028610030866
"RDMC","Frequency",1,10.2087920443228,0.0176431210467198,0.894789640675781,0.0294814610401332,0.000304099237707908
"RDMC","TB_pot_c",1,15.2501270744251,0.0263556977930183,0.871598941715565,0.0440400808685069,0.000454202189265192
"RDMC","Intensity:Frequency",1,6.5527996320161,0.0113247323092309,0.915618155916221,0.0189235030174324,0.000195215888647404
"RDMC","Intensity:TB_pot_c",1,70.8055420101155,0.12236812573313,0.727747188893863,0.204475790978384,0.00210535340659929
"RDMC","Frequency:TB_pot_c",1,52.9755352276989,0.0915538073926024,0.763293533832647,0.152985404258885,0.00157602614135881
"RDMC","Intensity:Frequency:TB_pot_c",1,50.1254565816198,0.0866282214538226,0.769559080166028,0.144754804379791,0.00149136254085113
"RDMC","Residuals",58,33560.3852063808,NA,NA,96.9173614917547,NA
"SRL","Intensity",1,17.7582116478534,0.0923474857859639,0.762301305923268,0.158201668310431,0.00158966696617931
"SRL","Frequency",1,0.94574679174184,0.00491813816275007,0.944331878907919,0.0084253258841457,8.47882958999353e-05
"SRL","TB_pot_c",1,5.90939431299012,0.030730442802695,0.861453685290722,0.0526447176978104,0.000529554644034407
"SRL","Intensity:Frequency",1,6.84553376286567,0.0355986201988977,0.851005431310176,0.0609844551487616,0.00061339283207648
"SRL","Intensity:TB_pot_c",1,10.3764815960076,0.0539605003982176,0.817127392365459,0.0924404288130734,0.000929488702116154
"SRL","Frequency:TB_pot_c",1,0.175607116878382,0.000913204327745512,0.975995926902997,0.00156442210557295,1.57446543044666e-05
"SRL","Intensity:Frequency:TB_pot_c",1,29.7678514472063,0.15480084892061,0.695431688114456,0.265191329755008,0.00266187566049387
"SRL","Residuals",58,11153.2681892683,NA,NA,99.3605476522852,NA
"SRA","Intensity",1,2081.98244242469,0.349942140743954,0.556444644581677,0.594811873045844,0.00599730056115344
"SRA","Frequency",1,0.000988787913229316,1.66196674883693e-07,0.999676123566465,2.82491714977224e-07,2.86545990357696e-09
"SRA","TB_pot_c",1,379.792248012091,0.0638359428970627,0.801425989657893,0.108504727900238,0.00109940967317148
"SRA","Intensity:Frequency",1,636.225998146401,0.106937639459159,0.744835179680251,0.181766555724262,0.00184035923769866
"SRA","Intensity:TB_pot_c",1,414.312370902044,0.0696381271310403,0.792799768788728,0.11836695273727,0.00119921751498748
"SRA","Frequency:TB_pot_c",1,450.582450960123,0.075734446293894,0.784141434247282,0.128729131502689,0.00130406351320327
"SRA","Intensity:Frequency:TB_pot_c",1,989.511643128353,0.166318320285224,0.684906299908043,0.282698480955675,0.0028593578739059
"SRA","Residuals",58,345071.277794423,NA,NA,98.5851219956423,NA
"RTD","Intensity",1,0.000621567779182187,1.23474202830276,0.271071985099789,2.03090938318262,0.0208448958503574
"RTD","Frequency",1,2.40032360682568e-05,0.0476823371181573,0.827912911791103,0.0784281280183311,0.000821433952198763
"RTD","TB_pot_c",1,6.61508927542499e-05,0.131408496754591,0.718293724584656,0.21614130156051,0.00226054210886577
"RTD","Intensity:Frequency",1,0.000162368465610827,0.322544339129838,0.572274707138219,0.530522416679742,0.00553035439013651
"RTD","Intensity:TB_pot_c",1,6.9059461184677e-05,0.137186356874638,0.712443559475323,0.225644752535326,0.00235970065755369
"RTD","Frequency:TB_pot_c",1,0.000347129846976307,0.689572120202068,0.409715165782426,1.13421140383837,0.0117494828346977
"RTD","Intensity:Frequency:TB_pot_c",1,0.000117976165478016,0.234359203827085,0.630133204825211,0.385475099395361,0.00402441457296371
"RTD","Residuals",58,0.0291971362164787,NA,NA,95.3986675147897,NA
"RCC","Intensity",1,0.869225137564911,0.235525972767423,0.629284511736763,0.400926782772824,0.00404436928890385
"RCC","Frequency",1,0.884766294568124,0.239737017711852,0.626242942916,0.408095082225508,0.00411638221578753
"RCC","TB_pot_c",1,0.580393748685538,0.157263977236375,0.693143447502174,0.267704405160021,0.0027041158142847
"RCC","Intensity:Frequency",1,0.28132214483054,0.0762272844614815,0.78345812310929,0.129758767407064,0.0013125385037171
"RCC","Intensity:TB_pot_c",1,0.0482512046262968,0.0130741869001228,0.909361272355017,0.0222556842867303,0.000225366214139968
"RCC","Frequency:TB_pot_c",1,0.0799086177802621,0.0216521061366463,0.883526659066262,0.0368575454826527,0.000373172864796042
"RCC","Intensity:Frequency:TB_pot_c",1,0.00701992598951051,0.00190212503755543,0.965362408059514,0.00323791411528018,3.27941837744377e-05
"RCC","Residuals",58,214.053071881582,NA,NA,98.7311638185499,NA
"RNC","Intensity",1,0.00967276222827473,1.68012867369803,0.200041436166691,2.18017772004992,0.0281522294109679
"RNC","Frequency",1,0.0110965428275845,1.92743492950187,0.170348788795697,2.50108861061032,0.0321628137725115
"RNC","TB_pot_c",1,0.0143128376418763,2.48609532174865,0.120295582897432,3.22602055143005,0.0411019310888587
"RNC","Intensity:Frequency",1,0.0159368909519403,2.76818832367075,0.101549471111575,3.5920716089475,0.0455532475137567
"RNC","Intensity:TB_pot_c",1,0.0210213034875181,3.65133494594202,0.0609710887316002,4.73806513882116,0.0592255617683484
"RNC","Frequency:TB_pot_c",1,0.0187182973443095,3.25130995146869,0.0765616665894936,4.21898252683629,0.0530814762009955
"RNC","Intensity:Frequency:TB_pot_c",1,0.0189948600287249,3.29934802841044,0.0744761459208436,4.28131795786726,0.0538235419221962
"RNC","Residuals",58,0.333915025689732,NA,NA,75.2622758854375,NA
"Root_CN","Intensity",1,21.3424505543899,1.02721466099979,0.315023237363643,1.47322883422,0.0174023908615577
"Root_CN","Frequency",1,26.2423221063934,1.26304605638744,0.26570539275289,1.81145766300373,0.0213125402832936
"Root_CN","TB_pot_c",1,32.4282795300464,1.56077691637952,0.216569874039901,2.23846255733665,0.0262047776604858
"Root_CN","Intensity:Frequency",1,38.4107601685059,1.84871441471468,0.179195522913949,2.65142183557327,0.0308897932527712
"Root_CN","Intensity:TB_pot_c",1,48.3623084559247,2.32768360686217,0.132525829262785,3.33835831668614,0.0385840043524794
"Root_CN","Frequency:TB_pot_c",1,40.5783207471372,1.95303936087309,0.167582703266893,2.80104442629781,0.0325761526303485
"Root_CN","Intensity:Frequency:TB_pot_c",1,36.25427441325,1.74492250111081,0.191704448925869,2.50256371887615,0.0292062057839035
"Root_CN","Residuals",58,1205.06665174522,NA,NA,83.1834626480063,NA
