"SampleID","Pot","Intensity","Frequency","Composition","N","H","PC1","PC2","Category"
"WL1-B-S","Pot-1","Wet","Low","Conspecific",35,16.84,-2.63841102965261,0.0776359666662849,"Growth"
"WL2-B-S","Pot-2","Wet","Low","Conspecific",54,13.34,-0.365164701735778,-0.372298369032604,"Growth"
"WL3-B-S","Pot-3","Wet","Low","Conspecific",52,15.96,-0.442402800636675,-1.17812528806524,"Growth"
"WL4-B-S","Pot-4","Wet","Low","Conspecific",57,16.32,-0.580612468247493,-1.55251938875821,"Growth"
"WL5-B-S","Pot-5","Wet","Low","Conspecific",51,12.38,-0.253794492123385,-0.654858444418767,"Growth"
"WL6-B-S","Pot-6","Wet","Low","Conspecific",69,11.98,0.788350030963153,-0.531748317512356,"Growth"
"WL7-B-S","Pot-7","Wet","Low","Conspecific",57,13.62,-0.379236569024463,-1.92125282820481,"Growth"
"WL8-B-S","Pot-8","Wet","Low","Conspecific",46,14.96,-1.32945502353977,-1.57589348005796,"Growth"
"WL9-B-S","Pot-9","Wet","Low","Conspecific",55,12.86,0.579027852194088,-2.23815916884749,"Growth"
"WL10-B-S","Pot-10","Wet","Low","Conspecific",52,11.92,0.212617085750512,-1.20332658836821,"Growth"
"WL21-B-M","Pot-21","Wet","Low","Heterospecific",30,17.15,-3.61268265387474,-0.737702757583229,"Growth"
"WL22-B-M","Pot-22","Wet","Low","Heterospecific",40,15.18,-0.917629438074887,0.475846168624536,"Growth"
"WL23-B-M","Pot-23","Wet","Low","Heterospecific",20,10.52,0.335105687440151,-0.0845931717288348,"Growth"
"WL24-B-M","Pot-24","Wet","Low","Heterospecific",38,11.1,0.697167594991307,0.248497992401607,"Growth"
"WL25-B-M","Pot-25","Wet","Low","Heterospecific",29,14.76,-1.3465506338404,-0.154381835599687,"Growth"
"WL26-B-M","Pot-26","Wet","Low","Heterospecific",33,9.52,1.64848716316124,0.168069352047176,"Growth"
"WL27-B-M","Pot-27","Wet","Low","Heterospecific",44,10.76,1.10283637973099,1.12407593349052,"Growth"
"WL28-B-M","Pot-28","Wet","Low","Heterospecific",50,9.64,1.09197877114518,0.163415925300997,"Growth"
"WL29-B-M","Pot-29","Wet","Low","Heterospecific",20,10.46,-0.416813907658751,-0.499501472479289,"Growth"
"WL30-B-M","Pot-30","Wet","Low","Heterospecific",38,13.46,-0.515272519725568,-1.33227283597288,"Growth"
"WH31-B-S","Pot-31","Wet","High","Conspecific",61,11.32,2.21619745191315,-1.75007191814677,"Growth"
"WH32-B-S","Pot-32","Wet","High","Conspecific",41,12.34,-1.30453030329426,-2.8529910256035,"Growth"
"WH33-B-S","Pot-33","Wet","High","Conspecific",38,13.42,-0.494383937447704,-1.79409828893902,"Growth"
"WH34-B-S","Pot-34","Wet","High","Conspecific",38,11.34,-1.5655468869993,-0.104259667356761,"Growth"
"WH35-B-S","Pot-35","Wet","High","Conspecific",57,11.62,0.787016414998604,-2.23076085034892,"Growth"
"WH36-B-S","Pot-36","Wet","High","Conspecific",49,14.24,1.09269993528369,-2.39697045181102,"Growth"
"WH37-B-S","Pot-37","Wet","High","Conspecific",44,11.32,-1.21086123262094,0.909357084016037,"Growth"
"WH38-B-S","Pot-38","Wet","High","Conspecific",39,13.84,0.665834009627327,-0.430517585393271,"Growth"
"WH39-B-S","Pot-39","Wet","High","Conspecific",47,14.32,-0.963877822823161,-1.29207270695098,"Growth"
"WH40-B-S","Pot-40","Wet","High","Conspecific",44,15.52,-0.106985449637015,-1.05878513384366,"Growth"
"WH51-B-M","Pot-51","Wet","High","Heterospecific",42,10.32,2.37129916932081,0.40480471849772,"Growth"
"WH52-B-M","Pot-52","Wet","High","Heterospecific",28,12.68,-0.91709376694566,1.14437865651877,"Growth"
"WH53-B-M","Pot-53","Wet","High","Heterospecific",41,14.64,0.576380821618588,-1.24540947121314,"Growth"
"WH54-B-M","Pot-54","Wet","High","Heterospecific",39,12.6,1.05010305631107,-0.704294362613039,"Growth"
"WH55-B-M","Pot-55","Wet","High","Heterospecific",47,12.7,0.954958973662138,0.0490363999874466,"Growth"
"WH56-B-M","Pot-56","Wet","High","Heterospecific",14,12.94,-1.03236014632753,2.02217201100551,"Growth"
"WH57-B-M","Pot-57","Wet","High","Heterospecific",39,13.52,-0.14235333730182,-1.88641385829033,"Growth"
"WH58-B-M","Pot-58","Wet","High","Heterospecific",41,14.34,0.785652032337868,-0.0911362638712631,"Growth"
"WH59-B-M","Pot-59","Wet","High","Heterospecific",44,12.58,-0.266766219122472,0.168533380806096,"Growth"
"WH60-B-M","Pot-60","Wet","High","Heterospecific",45,9.9,1.44576144861966,0.146657787082862,"Growth"
"DL61-B-S","Pot-61","Dry","Low","Conspecific",40,8.82,-0.0153447815098448,-0.271167093917393,"Growth"
"DL62-B-S","Pot-62","Dry","Low","Conspecific",38,11.46,1.40009224169471,0.164569781807616,"Growth"
"DL63-B-S","Pot-63","Dry","Low","Conspecific",46,8.42,3.27692130174708,-0.632077920439747,"Growth"
"DL64-B-S","Pot-64","Dry","Low","Conspecific",47,8.7,1.269633427063,0.786461797538439,"Growth"
"DL65-B-S","Pot-65","Dry","Low","Conspecific",25,10.5,-0.576191738431727,1.30201564253106,"Growth"
"DL66-B-S","Pot-66","Dry","Low","Conspecific",32,12.48,0.249823288171716,0.844807942450411,"Growth"
"DL67-B-S","Pot-67","Dry","Low","Conspecific",29,10.06,-1.21291506185108,0.278364958362244,"Growth"
"DL68-B-S","Pot-68","Dry","Low","Conspecific",38,10.74,-0.0475968048733967,0.177001303095348,"Growth"
"DL69-B-S","Pot-69","Dry","Low","Conspecific",36,9.54,0.672866607699191,0.805930570187393,"Growth"
"DL70-B-S","Pot-70","Dry","Low","Conspecific",37,9.34,1.03464401783592,0.776161331096522,"Growth"
"DL81-B-M","Pot-81","Dry","Low","Heterospecific",25,8.82,0.247311450320894,1.39881208270632,"Growth"
"DL82-B-M","Pot-82","Dry","Low","Heterospecific",26,9.98,-2.62225986061225,0.846070969336777,"Growth"
"DL83-B-M","Pot-83","Dry","Low","Heterospecific",31,8.96,0.0664869197117782,0.117003746939495,"Growth"
"DL84-B-M","Pot-84","Dry","Low","Heterospecific",21,12.22,-2.84908142645548,1.0901693538983,"Growth"
"DL85-B-M","Pot-85","Dry","Low","Heterospecific",32,7.58,2.31090742855429,0.866283409489248,"Growth"
"DL86-B-M","Pot-86","Dry","Low","Heterospecific",33,6.86,1.19541300357616,0.528701211346026,"Growth"
"DL87-B-M","Pot-87","Dry","Low","Heterospecific",26,8.38,0.591078367859926,1.12977625771638,"Growth"
"DL88-B-M","Pot-88","Dry","Low","Heterospecific",14,11.05,-2.5120808430847,0.316175350744924,"Growth"
"DL89-B-M","Pot-89","Dry","Low","Heterospecific",10,11.9,-3.20183855026785,1.77344847678628,"Growth"
"DL90-B-M","Pot-90","Dry","Low","Heterospecific",26,8.26,1.51430177658081,2.53940152160095,"Growth"
"DH96-B-S","Pot-96","Dry","High","Conspecific",25,9.22,1.8553785696168,1.73242090884669,"Growth"
"DH97-B-S","Pot-97","Dry","High","Conspecific",19,12.8,-0.552499297716614,1.21262206639053,"Growth"
"DH98-B-S","Pot-98","Dry","High","Conspecific",15,15.5,-2.4985050600409,1.51505889896525,"Growth"
"DH114-B-M","Pot-114","Dry","High","Heterospecific",28,10.32,0.974402620290389,1.5144184462799,"Growth"
"DH117-B-M","Pot-117","Dry","High","Heterospecific",28,10.9,0.897972086024413,1.7884690483319,"Growth"
"DH119-B-M","Pot-119","Dry","High","Heterospecific",22,7.78,0.932391779681689,2.17103409247491,"Growth"
"WL1-B-S","Pot-1","Wet","Low","Conspecific",35,16.84,-1.63435183735625,-0.655784755968804,"Leaf"
"WL2-B-S","Pot-2","Wet","Low","Conspecific",54,13.34,-1.32140904026774,-0.388832890949973,"Leaf"
"WL3-B-S","Pot-3","Wet","Low","Conspecific",52,15.96,-0.492837125192748,-0.0187606000879062,"Leaf"
"WL4-B-S","Pot-4","Wet","Low","Conspecific",57,16.32,-0.799746749348169,0.346700405281813,"Leaf"
"WL5-B-S","Pot-5","Wet","Low","Conspecific",51,12.38,-1.93990143316549,1.0867220044136,"Leaf"
"WL6-B-S","Pot-6","Wet","Low","Conspecific",69,11.98,0.0901546783113409,0.00501478255181176,"Leaf"
"WL7-B-S","Pot-7","Wet","Low","Conspecific",57,13.62,-1.87014774531099,-0.731541110072087,"Leaf"
"WL8-B-S","Pot-8","Wet","Low","Conspecific",46,14.96,-1.80590311910216,-0.0650867115568458,"Leaf"
"WL9-B-S","Pot-9","Wet","Low","Conspecific",55,12.86,0.234654981445139,0.472792560194618,"Leaf"
"WL10-B-S","Pot-10","Wet","Low","Conspecific",52,11.92,-1.04391261775036,-0.206099271003657,"Leaf"
"WL21-B-M","Pot-21","Wet","Low","Heterospecific",30,17.15,-1.0888996759346,-0.315384117945164,"Leaf"
"WL22-B-M","Pot-22","Wet","Low","Heterospecific",40,15.18,-1.19649193173513,0.00414251855223738,"Leaf"
"WL23-B-M","Pot-23","Wet","Low","Heterospecific",20,10.52,0.825008181995561,1.47351984571664,"Leaf"
"WL24-B-M","Pot-24","Wet","Low","Heterospecific",38,11.1,-1.22380323387286,1.03348040029232,"Leaf"
"WL25-B-M","Pot-25","Wet","Low","Heterospecific",29,14.76,-1.14306841361083,-0.635241019828374,"Leaf"
"WL26-B-M","Pot-26","Wet","Low","Heterospecific",33,9.52,-0.823961542787551,-0.391221616446488,"Leaf"
"WL27-B-M","Pot-27","Wet","Low","Heterospecific",44,10.76,-3.13688647294516,0.165169532446979,"Leaf"
"WL28-B-M","Pot-28","Wet","Low","Heterospecific",50,9.64,0.719673343781885,0.40242747943388,"Leaf"
"WL29-B-M","Pot-29","Wet","Low","Heterospecific",20,10.46,-1.25727244672147,1.251027510429,"Leaf"
"WL30-B-M","Pot-30","Wet","Low","Heterospecific",38,13.46,-1.34974933588181,0.242159159174168,"Leaf"
"WH31-B-S","Pot-31","Wet","High","Conspecific",61,11.32,-1.24215014706988,-0.769706010270733,"Leaf"
"WH32-B-S","Pot-32","Wet","High","Conspecific",41,12.34,-1.65267015677878,-0.728456790122486,"Leaf"
"WH33-B-S","Pot-33","Wet","High","Conspecific",38,13.42,-1.88380967706189,-2.09272025461285,"Leaf"
"WH34-B-S","Pot-34","Wet","High","Conspecific",38,11.34,-1.30816229295128,-1.77122137858928,"Leaf"
"WH35-B-S","Pot-35","Wet","High","Conspecific",57,11.62,-1.48197989827051,-1.07882394593797,"Leaf"
"WH36-B-S","Pot-36","Wet","High","Conspecific",49,14.24,0.138977461368149,0.467224051863318,"Leaf"
"WH37-B-S","Pot-37","Wet","High","Conspecific",44,11.32,-1.95517520663216,-0.366132502154331,"Leaf"
"WH38-B-S","Pot-38","Wet","High","Conspecific",39,13.84,-0.904129499708849,-0.983442050812291,"Leaf"
"WH39-B-S","Pot-39","Wet","High","Conspecific",47,14.32,-0.516862649429204,-0.103484351900987,"Leaf"
"WH40-B-S","Pot-40","Wet","High","Conspecific",44,15.52,-0.785590824518473,-1.01987146850758,"Leaf"
"WH51-B-M","Pot-51","Wet","High","Heterospecific",42,10.32,-0.872264677435665,0.716317285446894,"Leaf"
"WH52-B-M","Pot-52","Wet","High","Heterospecific",28,12.68,-1.1561527064332,-0.304187285153093,"Leaf"
"WH53-B-M","Pot-53","Wet","High","Heterospecific",41,14.64,-0.372292247838497,0.0641565789725945,"Leaf"
"WH54-B-M","Pot-54","Wet","High","Heterospecific",39,12.6,0.106191453924711,0.882334970565384,"Leaf"
"WH55-B-M","Pot-55","Wet","High","Heterospecific",47,12.7,0.478178139128305,1.66381990146942,"Leaf"
"WH56-B-M","Pot-56","Wet","High","Heterospecific",14,12.94,-0.767813130585462,-0.190938093890891,"Leaf"
"WH57-B-M","Pot-57","Wet","High","Heterospecific",39,13.52,-0.246775084603068,1.03464306305396,"Leaf"
"WH58-B-M","Pot-58","Wet","High","Heterospecific",41,14.34,0.196503286715534,0.520957632151745,"Leaf"
"WH59-B-M","Pot-59","Wet","High","Heterospecific",44,12.58,0.423607075478663,1.89413671214091,"Leaf"
"WH60-B-M","Pot-60","Wet","High","Heterospecific",45,9.9,1.09056177633282,2.06444712402569,"Leaf"
"DL61-B-S","Pot-61","Dry","Low","Conspecific",40,8.82,2.95123951917581,0.903435371882929,"Leaf"
"DL62-B-S","Pot-62","Dry","Low","Conspecific",38,11.46,-0.0657022711675076,-1.11100204533513,"Leaf"
"DL63-B-S","Pot-63","Dry","Low","Conspecific",46,8.42,3.43807918947036,1.68113199376867,"Leaf"
"DL64-B-S","Pot-64","Dry","Low","Conspecific",47,8.7,-2.70736104817415,0.268036222272432,"Leaf"
"DL65-B-S","Pot-65","Dry","Low","Conspecific",25,10.5,-1.80388632749471,3.27623150392503,"Leaf"
"DL66-B-S","Pot-66","Dry","Low","Conspecific",32,12.48,0.843460595918144,-1.62544543783338,"Leaf"
"DL67-B-S","Pot-67","Dry","Low","Conspecific",29,10.06,0.269477893122805,0.211959028857599,"Leaf"
"DL68-B-S","Pot-68","Dry","Low","Conspecific",38,10.74,1.10650813636674,-0.765944813437754,"Leaf"
"DL69-B-S","Pot-69","Dry","Low","Conspecific",36,9.54,2.50792858934228,0.0223015747381331,"Leaf"
"DL70-B-S","Pot-70","Dry","Low","Conspecific",37,9.34,1.9044245347395,0.488389861065933,"Leaf"
"DL81-B-M","Pot-81","Dry","Low","Heterospecific",25,8.82,2.22852042288608,-0.65121324356831,"Leaf"
"DL82-B-M","Pot-82","Dry","Low","Heterospecific",26,9.98,2.18048706548601,-0.643706340693168,"Leaf"
"DL83-B-M","Pot-83","Dry","Low","Heterospecific",31,8.96,0.867460360666961,-0.124607317167298,"Leaf"
"DL84-B-M","Pot-84","Dry","Low","Heterospecific",21,12.22,-0.102210316846501,-2.28804586967854,"Leaf"
"DL85-B-M","Pot-85","Dry","Low","Heterospecific",32,7.58,0.871560462098228,-0.868583650778607,"Leaf"
"DL86-B-M","Pot-86","Dry","Low","Heterospecific",33,6.86,2.23326706998115,0.264140600588082,"Leaf"
"DL87-B-M","Pot-87","Dry","Low","Heterospecific",26,8.38,1.39267350843308,0.19757262951668,"Leaf"
"DL88-B-M","Pot-88","Dry","Low","Heterospecific",14,11.05,0.520841379335014,1.19011288761049,"Leaf"
"DL89-B-M","Pot-89","Dry","Low","Heterospecific",10,11.9,-0.768975545615222,2.80982473434815,"Leaf"
"DL90-B-M","Pot-90","Dry","Low","Heterospecific",26,8.26,1.47347266043079,0.408282343218501,"Leaf"
"DH96-B-S","Pot-96","Dry","High","Conspecific",25,9.22,1.51926658678044,-1.32314475747611,"Leaf"
"DH97-B-S","Pot-97","Dry","High","Conspecific",19,12.8,1.20592632440481,-1.47446431875054,"Leaf"
"DH98-B-S","Pot-98","Dry","High","Conspecific",15,15.5,3.52171528214759,-1.6838291865918,"Leaf"
"DH114-B-M","Pot-114","Dry","High","Heterospecific",28,10.32,3.59171690798535,0.117321001017203,"Leaf"
"DH117-B-M","Pot-117","Dry","High","Heterospecific",28,10.9,1.91315506407637,-0.966091201426611,"Leaf"
"DH119-B-M","Pot-119","Dry","High","Heterospecific",22,7.78,1.87761449826893,-1.28691886243761,"Leaf"
"WL1-B-S","Pot-1","Wet","Low","Conspecific",35,16.84,0.502749078165541,-0.105332875128279,"Physiological"
"WL2-B-S","Pot-2","Wet","Low","Conspecific",54,13.34,-1.27660023134218,-0.629289402634078,"Physiological"
"WL3-B-S","Pot-3","Wet","Low","Conspecific",52,15.96,-0.709466331965643,-0.523704473946442,"Physiological"
"WL4-B-S","Pot-4","Wet","Low","Conspecific",57,16.32,-1.2434662305184,0.181561130806184,"Physiological"
"WL5-B-S","Pot-5","Wet","Low","Conspecific",51,12.38,-0.97471152899579,-1.72087174309202,"Physiological"
"WL6-B-S","Pot-6","Wet","Low","Conspecific",69,11.98,-1.37303147534297,1.37709340408649,"Physiological"
"WL7-B-S","Pot-7","Wet","Low","Conspecific",57,13.62,-1.03050677164296,0.597612382295716,"Physiological"
"WL8-B-S","Pot-8","Wet","Low","Conspecific",46,14.96,-1.12460030176325,0.669838000050613,"Physiological"
"WL9-B-S","Pot-9","Wet","Low","Conspecific",55,12.86,-0.604492362551835,0.743520889139886,"Physiological"
"WL10-B-S","Pot-10","Wet","Low","Conspecific",52,11.92,-2.33089276935392,-1.97167096795539,"Physiological"
"WL21-B-M","Pot-21","Wet","Low","Heterospecific",30,17.15,-1.16913232117072,1.09370365972486,"Physiological"
"WL22-B-M","Pot-22","Wet","Low","Heterospecific",40,15.18,-1.87000937979237,-0.318055945198672,"Physiological"
"WL23-B-M","Pot-23","Wet","Low","Heterospecific",20,10.52,-2.11449103743128,1.22350292433027,"Physiological"
"WL24-B-M","Pot-24","Wet","Low","Heterospecific",38,11.1,-1.54118774232694,0.256413838871008,"Physiological"
"WL25-B-M","Pot-25","Wet","Low","Heterospecific",29,14.76,-1.00935989393368,0.0200845931035867,"Physiological"
"WL26-B-M","Pot-26","Wet","Low","Heterospecific",33,9.52,-1.21505262184743,0.964866572213284,"Physiological"
"WL27-B-M","Pot-27","Wet","Low","Heterospecific",44,10.76,-0.368804976947384,1.02293944298873,"Physiological"
"WL28-B-M","Pot-28","Wet","Low","Heterospecific",50,9.64,-0.654593727655883,0.0696501538676968,"Physiological"
"WL29-B-M","Pot-29","Wet","Low","Heterospecific",20,10.46,-2.6359025308607,0.598293699223981,"Physiological"
"WL30-B-M","Pot-30","Wet","Low","Heterospecific",38,13.46,-1.19829324154141,0.0480145050769797,"Physiological"
"WH31-B-S","Pot-31","Wet","High","Conspecific",61,11.32,-1.14350168147279,1.85511042009697,"Physiological"
"WH32-B-S","Pot-32","Wet","High","Conspecific",41,12.34,-1.11733886467075,0.625922099128472,"Physiological"
"WH33-B-S","Pot-33","Wet","High","Conspecific",38,13.42,-0.842147983381306,-0.572546285751484,"Physiological"
"WH34-B-S","Pot-34","Wet","High","Conspecific",38,11.34,-0.631375302437486,0.817568271925732,"Physiological"
"WH35-B-S","Pot-35","Wet","High","Conspecific",57,11.62,-3.07166349921003,0.349394980108647,"Physiological"
"WH36-B-S","Pot-36","Wet","High","Conspecific",49,14.24,-1.47640013623346,-1.35060014490929,"Physiological"
"WH37-B-S","Pot-37","Wet","High","Conspecific",44,11.32,-0.494042620937052,-0.239174872585622,"Physiological"
"WH38-B-S","Pot-38","Wet","High","Conspecific",39,13.84,-0.373835120647123,0.477115506759885,"Physiological"
"WH39-B-S","Pot-39","Wet","High","Conspecific",47,14.32,-0.902353061379989,-0.0820813678220289,"Physiological"
"WH40-B-S","Pot-40","Wet","High","Conspecific",44,15.52,-1.14495899635426,-1.08909830937787,"Physiological"
"WH51-B-M","Pot-51","Wet","High","Heterospecific",42,10.32,-2.32422807535262,-1.50273664948202,"Physiological"
"WH52-B-M","Pot-52","Wet","High","Heterospecific",28,12.68,0.19236974620857,-0.436104753587874,"Physiological"
"WH53-B-M","Pot-53","Wet","High","Heterospecific",41,14.64,-0.717425683169318,-0.550311735690355,"Physiological"
"WH54-B-M","Pot-54","Wet","High","Heterospecific",39,12.6,-0.331642713256509,-0.488259906964026,"Physiological"
"WH55-B-M","Pot-55","Wet","High","Heterospecific",47,12.7,0.00518328208636321,-0.532782241448213,"Physiological"
"WH56-B-M","Pot-56","Wet","High","Heterospecific",14,12.94,-1.47916935723996,-0.738855639381029,"Physiological"
"WH57-B-M","Pot-57","Wet","High","Heterospecific",39,13.52,-1.06073692298884,-1.12108745766544,"Physiological"
"WH58-B-M","Pot-58","Wet","High","Heterospecific",41,14.34,-1.41924447066717,0.181762741462388,"Physiological"
"WH59-B-M","Pot-59","Wet","High","Heterospecific",44,12.58,-1.53490057068297,-0.0857304943628157,"Physiological"
"WH60-B-M","Pot-60","Wet","High","Heterospecific",45,9.9,0.38752721088654,1.03910688270113,"Physiological"
"DL61-B-S","Pot-61","Dry","Low","Conspecific",40,8.82,0.809275509363095,-0.00618813479377857,"Physiological"
"DL62-B-S","Pot-62","Dry","Low","Conspecific",38,11.46,1.31192231385557,0.139784094287,"Physiological"
"DL63-B-S","Pot-63","Dry","Low","Conspecific",46,8.42,1.31170945408073,0.831352033746987,"Physiological"
"DL64-B-S","Pot-64","Dry","Low","Conspecific",47,8.7,1.233220883916,-1.63181368934059,"Physiological"
"DL65-B-S","Pot-65","Dry","Low","Conspecific",25,10.5,1.61579382527236,0.500318448369492,"Physiological"
"DL66-B-S","Pot-66","Dry","Low","Conspecific",32,12.48,1.80707857159142,-1.78069654454092,"Physiological"
"DL67-B-S","Pot-67","Dry","Low","Conspecific",29,10.06,2.03767587756383,-0.292255776702149,"Physiological"
"DL68-B-S","Pot-68","Dry","Low","Conspecific",38,10.74,2.11862025279381,-0.673569922229321,"Physiological"
"DL69-B-S","Pot-69","Dry","Low","Conspecific",36,9.54,1.21972464841247,0.703091674997926,"Physiological"
"DL70-B-S","Pot-70","Dry","Low","Conspecific",37,9.34,1.75469069233327,-1.5341352830591,"Physiological"
"DL81-B-M","Pot-81","Dry","Low","Heterospecific",25,8.82,2.9607883257825,0.0242719665546567,"Physiological"
"DL82-B-M","Pot-82","Dry","Low","Heterospecific",26,9.98,2.66044090118424,0.272668328507819,"Physiological"
"DL83-B-M","Pot-83","Dry","Low","Heterospecific",31,8.96,0.711409158613311,0.183446888878322,"Physiological"
"DL84-B-M","Pot-84","Dry","Low","Heterospecific",21,12.22,0.696541151454035,-2.04734419461078,"Physiological"
"DL85-B-M","Pot-85","Dry","Low","Heterospecific",32,7.58,2.69972731995606,0.0568736675648343,"Physiological"
"DL86-B-M","Pot-86","Dry","Low","Heterospecific",33,6.86,2.76765732761941,0.227059695760804,"Physiological"
"DL87-B-M","Pot-87","Dry","Low","Heterospecific",26,8.38,2.15442398987179,-1.01890900926513,"Physiological"
"DL88-B-M","Pot-88","Dry","Low","Heterospecific",14,11.05,-0.21592108091329,0.576710137645694,"Physiological"
"DL89-B-M","Pot-89","Dry","Low","Heterospecific",10,11.9,0.234703358250805,1.6755574532306,"Physiological"
"DL90-B-M","Pot-90","Dry","Low","Heterospecific",26,8.26,2.9463903618861,1.19986709679268,"Physiological"
"DH96-B-S","Pot-96","Dry","High","Conspecific",25,9.22,2.48951347723587,0.0131118808682444,"Physiological"
"DH97-B-S","Pot-97","Dry","High","Conspecific",19,12.8,1.11836185610984,2.17215883966697,"Physiological"
"DH98-B-S","Pot-98","Dry","High","Conspecific",15,15.5,2.8366724433109,-1.41013324886487,"Physiological"
"DH114-B-M","Pot-114","Dry","High","Heterospecific",28,10.32,0.697084377772442,-1.01990684424908,"Physiological"
"DH117-B-M","Pot-117","Dry","High","Heterospecific",28,10.9,1.43023869359983,0.737628142457646,"Physiological"
"DH119-B-M","Pot-119","Dry","High","Heterospecific",22,7.78,2.01398752880309,1.94627146734657,"Physiological"
"WL1-B-S","Pot-1","Wet","Low","Conspecific",35,16.84,-4.33510789121646,0.762542116057767,"Root"
"WL2-B-S","Pot-2","Wet","Low","Conspecific",54,13.34,0.802895750913638,1.10191374403121,"Root"
"WL3-B-S","Pot-3","Wet","Low","Conspecific",52,15.96,0.0193533496378467,1.25957470097443,"Root"
"WL4-B-S","Pot-4","Wet","Low","Conspecific",57,16.32,0.9879748684544,1.02449132006907,"Root"
"WL5-B-S","Pot-5","Wet","Low","Conspecific",51,12.38,-1.08553120159633,0.771201633712671,"Root"
"WL6-B-S","Pot-6","Wet","Low","Conspecific",69,11.98,0.357339584239626,1.15572366651454,"Root"
"WL7-B-S","Pot-7","Wet","Low","Conspecific",57,13.62,2.04659967610616,1.53096590138715,"Root"
"WL8-B-S","Pot-8","Wet","Low","Conspecific",46,14.96,0.415166735152169,0.188134275943724,"Root"
"WL9-B-S","Pot-9","Wet","Low","Conspecific",55,12.86,0.267517870298724,1.21760961804996,"Root"
"WL10-B-S","Pot-10","Wet","Low","Conspecific",52,11.92,1.44985889153109,1.02646477305221,"Root"
"WL21-B-M","Pot-21","Wet","Low","Heterospecific",30,17.15,0.412006363439019,1.25324701476057,"Root"
"WL22-B-M","Pot-22","Wet","Low","Heterospecific",40,15.18,1.5777794682891,1.09464502425506,"Root"
"WL23-B-M","Pot-23","Wet","Low","Heterospecific",20,10.52,1.43538697419474,0.672825387649801,"Root"
"WL24-B-M","Pot-24","Wet","Low","Heterospecific",38,11.1,2.31636458105309,1.2674872507457,"Root"
"WL25-B-M","Pot-25","Wet","Low","Heterospecific",29,14.76,1.2401610625067,-0.0476145230867796,"Root"
"WL26-B-M","Pot-26","Wet","Low","Heterospecific",33,9.52,1.36436142311073,0.975774474387961,"Root"
"WL27-B-M","Pot-27","Wet","Low","Heterospecific",44,10.76,-1.19404847100856,0.279681333212201,"Root"
"WL28-B-M","Pot-28","Wet","Low","Heterospecific",50,9.64,0.342129184418357,1.20585110213064,"Root"
"WL29-B-M","Pot-29","Wet","Low","Heterospecific",20,10.46,1.03812334135022,0.144211919647729,"Root"
"WL30-B-M","Pot-30","Wet","Low","Heterospecific",38,13.46,-0.102669946919981,0.740107194465197,"Root"
"WH31-B-S","Pot-31","Wet","High","Conspecific",61,11.32,-0.610341542585192,0.815124654487982,"Root"
"WH32-B-S","Pot-32","Wet","High","Conspecific",41,12.34,-2.77016109294374,-0.27006186177318,"Root"
"WH33-B-S","Pot-33","Wet","High","Conspecific",38,13.42,-1.81531054848519,0.323702552089983,"Root"
"WH34-B-S","Pot-34","Wet","High","Conspecific",38,11.34,0.78019121274157,0.690416011393058,"Root"
"WH35-B-S","Pot-35","Wet","High","Conspecific",57,11.62,-3.16606465137714,-0.263987255227825,"Root"
"WH36-B-S","Pot-36","Wet","High","Conspecific",49,14.24,2.10129688828589,0.891104863682246,"Root"
"WH37-B-S","Pot-37","Wet","High","Conspecific",44,11.32,-1.85021006717571,0.78852652200544,"Root"
"WH38-B-S","Pot-38","Wet","High","Conspecific",39,13.84,-1.45939163615949,-0.020987397738808,"Root"
"WH39-B-S","Pot-39","Wet","High","Conspecific",47,14.32,-1.37035636205459,0.359526501204709,"Root"
"WH40-B-S","Pot-40","Wet","High","Conspecific",44,15.52,0.0778058592550096,2.11805633946324,"Root"
"WH51-B-M","Pot-51","Wet","High","Heterospecific",42,10.32,-0.684840765995245,1.30478931449482,"Root"
"WH52-B-M","Pot-52","Wet","High","Heterospecific",28,12.68,-1.36292200965403,0.941652834832662,"Root"
"WH53-B-M","Pot-53","Wet","High","Heterospecific",41,14.64,-0.135718242042005,0.785676852648437,"Root"
"WH54-B-M","Pot-54","Wet","High","Heterospecific",39,12.6,-1.68095690914377,1.01041929341746,"Root"
"WH55-B-M","Pot-55","Wet","High","Heterospecific",47,12.7,0.0189440986977865,0.136681587021392,"Root"
"WH56-B-M","Pot-56","Wet","High","Heterospecific",14,12.94,0.0969656253343003,1.2592431792743,"Root"
"WH57-B-M","Pot-57","Wet","High","Heterospecific",39,13.52,-2.56052041844684,1.37252656045183,"Root"
"WH58-B-M","Pot-58","Wet","High","Heterospecific",41,14.34,-2.82082589195638,0.679581677230368,"Root"
"WH59-B-M","Pot-59","Wet","High","Heterospecific",44,12.58,1.02047505271862,1.73315014518942,"Root"
"WH60-B-M","Pot-60","Wet","High","Heterospecific",45,9.9,2.73413617073551,2.26397876336043,"Root"
"DL61-B-S","Pot-61","Dry","Low","Conspecific",40,8.82,-0.0545359619498301,-1.1993144354628,"Root"
"DL62-B-S","Pot-62","Dry","Low","Conspecific",38,11.46,-0.483277371148246,-1.04773428292356,"Root"
"DL63-B-S","Pot-63","Dry","Low","Conspecific",46,8.42,1.04175719225627,-0.942859695939613,"Root"
"DL64-B-S","Pot-64","Dry","Low","Conspecific",47,8.7,1.1324411767895,-0.702337263808172,"Root"
"DL65-B-S","Pot-65","Dry","Low","Conspecific",25,10.5,-2.08272279173905,-0.937677682517112,"Root"
"DL66-B-S","Pot-66","Dry","Low","Conspecific",32,12.48,-0.716442664608613,0.658088565025556,"Root"
"DL67-B-S","Pot-67","Dry","Low","Conspecific",29,10.06,2.23750422491848,-0.476947643844802,"Root"
"DL68-B-S","Pot-68","Dry","Low","Conspecific",38,10.74,1.83337295153823,-1.69287062937847,"Root"
"DL69-B-S","Pot-69","Dry","Low","Conspecific",36,9.54,-2.37476812877151,-1.82541894430125,"Root"
"DL70-B-S","Pot-70","Dry","Low","Conspecific",37,9.34,0.108325096694219,0.501877687698152,"Root"
"DL81-B-M","Pot-81","Dry","Low","Heterospecific",25,8.82,-0.266311161979673,-2.14816103811478,"Root"
"DL82-B-M","Pot-82","Dry","Low","Heterospecific",26,9.98,0.987468269677002,-3.0637326924117,"Root"
"DL83-B-M","Pot-83","Dry","Low","Heterospecific",31,8.96,2.09686370159182,-1.49288051354104,"Root"
"DL84-B-M","Pot-84","Dry","Low","Heterospecific",21,12.22,2.41846883297929,-3.91444614903791,"Root"
"DL85-B-M","Pot-85","Dry","Low","Heterospecific",32,7.58,1.22559556056405,-1.74121645387995,"Root"
"DL86-B-M","Pot-86","Dry","Low","Heterospecific",33,6.86,-1.02937985453493,-0.666646958655131,"Root"
"DL87-B-M","Pot-87","Dry","Low","Heterospecific",26,8.38,1.0694368398814,-2.28442526289893,"Root"
"DL88-B-M","Pot-88","Dry","Low","Heterospecific",14,11.05,2.64388193125315,-1.46987168414433,"Root"
"DL89-B-M","Pot-89","Dry","Low","Heterospecific",10,11.9,0.75075759735814,-1.61142148421272,"Root"
"DL90-B-M","Pot-90","Dry","Low","Heterospecific",26,8.26,1.69936429979146,-1.74112326878854,"Root"
"DH96-B-S","Pot-96","Dry","High","Conspecific",25,9.22,0.477215952945791,-0.55696022067752,"Root"
"DH97-B-S","Pot-97","Dry","High","Conspecific",19,12.8,0.0350543525999264,0.0354671323447119,"Root"
"DH98-B-S","Pot-98","Dry","High","Conspecific",15,15.5,-5.2144496412337,-2.70507388686593,"Root"
"DH114-B-M","Pot-114","Dry","High","Heterospecific",28,10.32,-1.41514091131421,-1.44073446162544,"Root"
"DH117-B-M","Pot-117","Dry","High","Heterospecific",28,10.9,-0.0707894308150125,-0.983170884522014,"Root"
"DH119-B-M","Pot-119","Dry","High","Heterospecific",22,7.78,0.0524535535522467,-1.09436691298543,"Root"
"WL1-B-S","Pot-1","Wet","Low","Conspecific",35,16.84,0.851243744574333,0.936689378010616,"Fitness"
"WL2-B-S","Pot-2","Wet","Low","Conspecific",54,13.34,-0.000547697182742259,0.261822493640002,"Fitness"
"WL3-B-S","Pot-3","Wet","Low","Conspecific",52,15.96,0.669132130650937,1.00684750057772,"Fitness"
"WL4-B-S","Pot-4","Wet","Low","Conspecific",57,16.32,-0.297685787803919,0.249686788527475,"Fitness"
"WL5-B-S","Pot-5","Wet","Low","Conspecific",51,12.38,-0.260392558221918,0.652748270808297,"Fitness"
"WL6-B-S","Pot-6","Wet","Low","Conspecific",69,11.98,-0.730486908705578,-0.988663317678526,"Fitness"
"WL7-B-S","Pot-7","Wet","Low","Conspecific",57,13.62,0.0562262877083407,0.423946764042749,"Fitness"
"WL8-B-S","Pot-8","Wet","Low","Conspecific",46,14.96,-0.152239990155748,0.334079008741681,"Fitness"
"WL9-B-S","Pot-9","Wet","Low","Conspecific",55,12.86,0.619592404595159,0.649277319714772,"Fitness"
"WL10-B-S","Pot-10","Wet","Low","Conspecific",52,11.92,-0.061910825813065,0.421891584740669,"Fitness"
"WL21-B-M","Pot-21","Wet","Low","Heterospecific",30,17.15,1.97497537811167,-0.721798089063823,"Fitness"
"WL22-B-M","Pot-22","Wet","Low","Heterospecific",40,15.18,-1.97217444224946,0.0871533425143335,"Fitness"
"WL23-B-M","Pot-23","Wet","Low","Heterospecific",20,10.52,-0.645501167188748,0.754556440280658,"Fitness"
"WL24-B-M","Pot-24","Wet","Low","Heterospecific",38,11.1,-2.12174386190931,0.117968384382777,"Fitness"
"WL25-B-M","Pot-25","Wet","Low","Heterospecific",29,14.76,-1.62226386413425,0.408944895728436,"Fitness"
"WL26-B-M","Pot-26","Wet","Low","Heterospecific",33,9.52,-1.42199413387837,0.411020251837024,"Fitness"
"WL27-B-M","Pot-27","Wet","Low","Heterospecific",44,10.76,-2.76908747629011,0.0375994181815695,"Fitness"
"WL28-B-M","Pot-28","Wet","Low","Heterospecific",50,9.64,-2.69283273608995,-0.0412135232937575,"Fitness"
"WL29-B-M","Pot-29","Wet","Low","Heterospecific",20,10.46,-0.49805462084205,0.76518287164545,"Fitness"
"WL30-B-M","Pot-30","Wet","Low","Heterospecific",38,13.46,-2.88477527247619,0.11189093577882,"Fitness"
"WH31-B-S","Pot-31","Wet","High","Conspecific",61,11.32,-0.79799144955168,0.222628937615547,"Fitness"
"WH32-B-S","Pot-32","Wet","High","Conspecific",41,12.34,0.263529199902017,0.504151847222832,"Fitness"
"WH33-B-S","Pot-33","Wet","High","Conspecific",38,13.42,1.06549120399425,0.537418058223076,"Fitness"
"WH34-B-S","Pot-34","Wet","High","Conspecific",38,11.34,0.820245461785686,0.391227037502387,"Fitness"
"WH35-B-S","Pot-35","Wet","High","Conspecific",57,11.62,-0.451949522726881,0.213272291113645,"Fitness"
"WH36-B-S","Pot-36","Wet","High","Conspecific",49,14.24,0.130610880369986,0.27267463444826,"Fitness"
"WH37-B-S","Pot-37","Wet","High","Conspecific",44,11.32,-0.00883491612924325,0.299439848132068,"Fitness"
"WH38-B-S","Pot-38","Wet","High","Conspecific",39,13.84,0.286171824633401,0.531566319062585,"Fitness"
"WH39-B-S","Pot-39","Wet","High","Conspecific",47,14.32,0.297234759835973,0.474471438645154,"Fitness"
"WH40-B-S","Pot-40","Wet","High","Conspecific",44,15.52,0.915251988300719,0.90336773795316,"Fitness"
"WH51-B-M","Pot-51","Wet","High","Heterospecific",42,10.32,-2.02630331204448,0.0517765231547972,"Fitness"
"WH52-B-M","Pot-52","Wet","High","Heterospecific",28,12.68,-1.58019289893765,0.0302216793686895,"Fitness"
"WH53-B-M","Pot-53","Wet","High","Heterospecific",41,14.64,-2.17481129504775,0.0618708284066232,"Fitness"
"WH54-B-M","Pot-54","Wet","High","Heterospecific",39,12.6,-2.6891599276617,0.0259215293211048,"Fitness"
"WH55-B-M","Pot-55","Wet","High","Heterospecific",47,12.7,-2.13563550949677,-0.851069334006273,"Fitness"
"WH56-B-M","Pot-56","Wet","High","Heterospecific",14,12.94,-0.477580078382307,1.17883043167805,"Fitness"
"WH57-B-M","Pot-57","Wet","High","Heterospecific",39,13.52,-1.39708407067177,0.0988036724920401,"Fitness"
"WH58-B-M","Pot-58","Wet","High","Heterospecific",41,14.34,-1.4073020869397,-2.66358916069293,"Fitness"
"WH59-B-M","Pot-59","Wet","High","Heterospecific",44,12.58,-2.79253205378677,-0.744951670657922,"Fitness"
"WH60-B-M","Pot-60","Wet","High","Heterospecific",45,9.9,-3.54787613732267,0.0213873107127701,"Fitness"
"DL61-B-S","Pot-61","Dry","Low","Conspecific",40,8.82,1.44389074867433,-1.5080831279496,"Fitness"
"DL62-B-S","Pot-62","Dry","Low","Conspecific",38,11.46,1.4221705192172,0.87074980039774,"Fitness"
"DL63-B-S","Pot-63","Dry","Low","Conspecific",46,8.42,0.827258448122685,0.467415857695306,"Fitness"
"DL64-B-S","Pot-64","Dry","Low","Conspecific",47,8.7,1.73474150983317,-1.77379955703403,"Fitness"
"DL65-B-S","Pot-65","Dry","Low","Conspecific",25,10.5,1.96606435734032,1.15846827536308,"Fitness"
"DL66-B-S","Pot-66","Dry","Low","Conspecific",32,12.48,1.5461939858183,0.7730888053969,"Fitness"
"DL67-B-S","Pot-67","Dry","Low","Conspecific",29,10.06,1.28572171147234,0.60640275750306,"Fitness"
"DL68-B-S","Pot-68","Dry","Low","Conspecific",38,10.74,1.11769299823685,0.664637104959728,"Fitness"
"DL69-B-S","Pot-69","Dry","Low","Conspecific",36,9.54,0.503677647124532,-2.20289999521357,"Fitness"
"DL70-B-S","Pot-70","Dry","Low","Conspecific",37,9.34,0.895992460388513,0.65905782622085,"Fitness"
"DL81-B-M","Pot-81","Dry","Low","Heterospecific",25,8.82,1.54836337832902,-0.291303185128231,"Fitness"
"DL82-B-M","Pot-82","Dry","Low","Heterospecific",26,9.98,-0.266039819507876,-2.45552295917129,"Fitness"
"DL83-B-M","Pot-83","Dry","Low","Heterospecific",31,8.96,-0.414352870955088,0.18422618868429,"Fitness"
"DL84-B-M","Pot-84","Dry","Low","Heterospecific",21,12.22,0.88916495693308,-0.527300958291879,"Fitness"
"DL85-B-M","Pot-85","Dry","Low","Heterospecific",32,7.58,-1.06636445965675,-2.86466189005607,"Fitness"
"DL86-B-M","Pot-86","Dry","Low","Heterospecific",33,6.86,-0.639516039190438,-0.178967345424576,"Fitness"
"DL87-B-M","Pot-87","Dry","Low","Heterospecific",26,8.38,0.325874396627589,0.818177328569505,"Fitness"
"DL88-B-M","Pot-88","Dry","Low","Heterospecific",14,11.05,3.07343922735333,-3.46170541964785,"Fitness"
"DL89-B-M","Pot-89","Dry","Low","Heterospecific",10,11.9,3.58049368187184,0.70141270566952,"Fitness"
"DL90-B-M","Pot-90","Dry","Low","Heterospecific",26,8.26,0.956138121566113,1.20158232645964,"Fitness"
"DH96-B-S","Pot-96","Dry","High","Conspecific",25,9.22,2.04192745691758,0.765241432642733,"Fitness"
"DH97-B-S","Pot-97","Dry","High","Conspecific",19,12.8,3.06017721076841,-0.0233508194045818,"Fitness"
"DH98-B-S","Pot-98","Dry","High","Conspecific",15,15.5,3.13567789831302,-1.60208019933994,"Fitness"
"DH114-B-M","Pot-114","Dry","High","Heterospecific",28,10.32,0.498892325669177,0.360001835312428,"Fitness"
"DH117-B-M","Pot-117","Dry","High","Heterospecific",28,10.9,0.855571640892129,0.693333577487092,"Fitness"
"DH119-B-M","Pot-119","Dry","High","Heterospecific",22,7.78,1.34638784501902,-0.473171044512826,"Fitness"
